case_number,filename,similarity
133_pid.b_2021,putusan_133_pid.b_2021_pn_bpp_20260624213453.pdf,0.3041152247694955
724_pid.b_2022,putusan_724_pid.b_2022_pn_bpp_20260624212641.pdf,0.2987567364857028
2_pid.b_2021,putusan_2_pid.b_2021_pn_bpp_20260624213557.pdf,0.29485277527982623
569_pid.b_2022,putusan_569_pid.b_2022_pn_bpp_20260624212745.pdf,0.28447664074218415
569_pid (1).b_2022,putusan_569_pid (1).b_2022_pn_bpp_20260624212745.pdf,0.28447664074218415
